id,texto,emocion,grupo,estudiante
601,"#Venezuela #VenezuelaSeRespeta #GolpeDeEstado #GolpeDeEstadoEnVenezuela #GolpeDeEstadoEstadounidenseFracasaEnVenezuela Las RATAS infrahumanas Yanquis fracasan en una maniobra exterior err√°tica y confusa,#RUSIA avis√≥ a Maduro de que no viajar√° como ten√≠a previsto hoy",disgust,D,1
602,Desaparece la segunda colonia m√°s grande de #ping√ºinos luego de que se ahogaran miles de cr√≠as https://t.co/vGYDYu3ij0 via USER #ClimateChange #FossilFuels #AnimalHusbandrty #SixthMassExtinction #XR #GretaThunberg,others,D,1
603,USER Es una falta de respeto q no hables de USER q se quedo sin su hogar #NotreDame,anger,D,1
604,"Y para terminar el #diadellibro no puedo dejarme uno que para m√≠ supuso un antes y un despu√©s en mi vida. Alguien me abri√≥ los ojos de una manera bestial y siempre estar√© eternamente agradecida. ""Educaci√≥n, h√°ndicap e inclusi√≥n"" de Nacho Calder√≥n USER https://t.co/U7n2LR5Zuz",joy,D,1
605,"Que dolor la noticia, pero se que ustedes van a salir de las cenizas, como siempre lo hicieron üôè‚ù§ #NotreDame #Paris",sadness,D,1
606,Que devastador lo de #NotreDame üò¢ no parece que va a quedar mucho...,sadness,D,1
607,"Hoy 15marzo ,el alumnado de 2 ESO del USER concienciado con el movimiento global contra el #CambioClimatico #Agenda2030 USER #GretaThunberg https://t.co/0rial9Hn1o",others,D,1
608,"Lo que sea?...de que se trata ese ""Lo que sea""?...en verdad no s√©, que tiene que ver una cosa con la otra?...creo que s√≥lo tratas de generar tu show mientras en #Venezuela se sigue sufriendo con un dictador como USER https://t.co/Bd8GxMiR2x",anger,D,1
609,"#NotreDame #15Abr Triste momento, se cae a pedazos la aguja de La Catedral de Notre Dame, con m√°s de 600 a√±os de antig√ºedad. USER https://t.co/1DvxEyy8PY",sadness,D,1
610,"Un gol para el recuerdo, el recuerdo del mejor jugador de todos los tiempos. USER USER USER #ChampionsLeague https://t.co/gSbAuy3iuc",joy,D,1
611,USER #DCsucia. Incitadores golpistas. As√≠.lo hizo.el sucio Alwyn para derrocar Allende. #GolpeEstado #Venezuela,disgust,D,1
612,"Apelar a un s√≠mbolo de unidad como #NotreDame cuando tenemos una Francia dividida y en una de sus peores crisis social de las √∫ltimas d√©cadas, tambi√©n es casualidad",others,D,1
613,"#GrupodeLima expresa su pleno respaldo al proceso constitucional y popular emprendido por el pueblo venezolano, bajo el liderazgo del Presidente Encargado, Juan Guaid√≥, para recuperar la democracia en #Venezuela; y rechazan que dicho proceso sea calificado como golpe de Estado.",others,D,1
614,ARYA SIENTATE EN EL PUTO TRONO DE HIERRO! #JuegodeTronos,anger,D,1
615,"Deseamos un feliz #DiaDelLibro a todos nuestros amigos y seguidores. Dejadme que os cuente un secreto: los muy lectores, en realidad, lo celebramos cada d√≠a al elegir un libro, abrirlo y ponernos a leer. https://t.co/3Rmz8Wmfbf",joy,D,1
616,En un d√≠a de tensiones en #Venezuela y un paisaje nacional con las objeciones de la #JEP y un enredo con el USER hablar de f√∫tbol es relajante un USER luchando por un cupo y un USER sobresaliente en la #ChampionsLeague,joy,D,1
617,Messi es el puto amo #ChampionsLeague,joy,D,1
618,#ChampionsLeague esos son los √°rbitros que hicieron campe√≥n al Real Madrid puto vendido era penal a favor Barcelona,anger,D,1
619,Lo de #NotreDame es terrible en todo punto de vista. Una obra que ha sobrevivido a muchas cosas en sus 800 a√±os de vida est√° cerca del colapso.,sadness,D,1
620,Este si es un verdadero cap√≠tulazo de la √∫ltima temporada. ¬°BRUTAL! #JuegoDeTronos,joy,D,1
621,El Bar√ßa tiene la necesidad de ir este verano a por Rodri.....#ChampionsLeague,others,D,1
622,"El alcalde USER confirma que #Antequera honra la memoria de uno de sus ilustres hijos predilectos, Juan Alcaide de la Vega, mediante la edici√≥n de este libro p√≥stumo que nos traslada ‚Äúa aquella Antequera de los a√±os 30‚Äù #D√≠adelLibro https://t.co/kuXfB3gZRx",others,D,1
623,"Tragedia en #NotreDame #Paris Una gran perdida del patrimonio cultural de la humanidad. Ac√° im√°genes de su interior, maqueta que muestran proceso de construcci√≥n y placa que recuerda su construcci√≥n, a√±o 1.163. Incre√≠ble!!!!! que pena...... USER USER https://t.co/vAKpX1AFJ7",surprise,D,1
624,#ElecccionesGenerales28A #EleccionesRTVE Un verdadero honor y un verdadero privilegio poder haber vivido desde Torrespa√±a esta noche electoral trascendental para nuestro pa√≠s.,joy,D,1
625,üî¥üîµ Campe√≥n fcbarcelona de #laliga 2018/19 üîµüî¥ gracias por alegr√≠a ‚öΩüèÜ #messi #campeon #fcbarcelona #bar√ßa #gracias #vamosbarcelona #barcelona #lionelmessi10 #dalecampeon en Remedios De‚Ä¶ https://t.co/IKZG2ZaeQo,joy,D,1
626,USER un 30 de abril Adolf Hitler se peg√≥ un tir√≥... Podr√≠as hacer lo mismo? Dignidad! #Venezuela,anger,D,1
627,De a poco van apareciendo las voces que necesitamos la voz del pueblo la voz de la juventud y no solo en Argentina y son mujeres #Gretathunberg https://t.co/eTBKdT9JUu,joy,D,1
628,Que angustia la misma sensaci√≥n cuando est√°bamos viendo la baranda CNE la siento ahora #venezuela,fear,D,1
629,"#ElecccionesGenerales28A que asco da oirlos por favor , que le cierren el micr√≥fono asco dan, vamos que nos dar√°n una patada a todos cerraran tvs,y las mujeres a fregar digo lo de siempre : los votantes de esta gente teneis la culpa",disgust,D,1
630,"USER si echas de menos los atascos en lugar de ir a G√©nova, que no hay ni p√°jaros, intenta llegar a Ferraz. De nada. #ElecccionesGenerales28A #28AVotaEnDefensaPropia #28APSOE",anger,D,1
631,"Mucha fuerza a mis amigos venezolanos, a sus familiares y a todo el pueblo de #Venezuela. Es un d√≠a hist√≥rico, se ha desatado una tormenta tras la que vendr√° despu√©s la calma. Estamos con ustedes.",joy,D,1
632,¬øQui√©n les iba a decir a los #bomberos de #Par√≠s que se enfrentar√≠an a este incendio? Gracias USER por luchar contra las llamas y evitar una tragedia mayor. ‚ù§üá´üá∑‚ù§ #NotreDame #euronews #Europa https://t.co/dNsUuDzio4,sadness,D,1
633,"Ya esta hablando vox de la derechita cobarde, ahora lo valiente es ser un bocazas y un mamarracho #ElecccionesGenerales28A",disgust,D,1
634,¬øPor que no lloraron tanto cuando se quem√≥ el Chedraui de mina? #NotreDameEnLlamas,anger,D,1
635,"Un terrible incidente el fuego devast√≥ a la catedral de Notre Dame, s√≠mbolo de la capital francesa, Patrimonio Mundial de la Unesco y uno de los monumentos m√°s visitados del mundo #NotreDame #Par√≠s #Francia #15abr https://t.co/QpSdIEOjGQ",sadness,D,1
636,"Todo el mundo se lamenta por el #NotreDame y esta bien, es una lastima la perdida de esa obra arquitectonica... ahora podemos lamentarnos por el #SOSBosawas su sobrevivencia nos garantiza aire limpio üò≠üò≠üò≠",joy,D,1
637,"#ElecccionesGenerales28A qu√© putada para medios y trolls fascistas, matarse a meter mierda, mentir y dividir Espa√±a para PERDER y aupar a la extrema derecha",anger,D,1
638,"Brava, Brava, Brava ... t√∫ pod√≠as volar y te has quedado posadita en el suelo como si montases una gallina. Supuestamente no te quemas y no te sirvi√≥ de nada. Ni te has esforzado en aprender a usar un arma. Tanto poder y tan desperdiciado... TU NO. #juegodetronos #GameofThrones https://t.co/6kyUAOjmzY",anger,D,1
639,Esto se defini√≥ desde ya... #ChampionsLeague,anger,D,1
640,Solo se puede decir INCRE√çBLE E HIST√ìRICA. #JuegodeTronos #temporada8 #Capitulo3,joy,D,1
641,Envidia y respeto absoluto al Pa√≠s Vasco üíõüíú‚ù§Ô∏è#ElecccionesGenerales28A,,joy,D,1
642,Pero quien te ha insultado a ti tontopolla #ElecccionesGenerales28A,anger,D,1
643,Y dicen que Messi no aparece... #ChampionsLeague,joy,D,1
644,#ChampionsLeague Barcelona - Liverpool 0-0: ¬°m√°xima emoci√≥n! https://es.uefa.comhttps://es.uefa.com/uefachampionsleague/season=2019/matches/round=2000983/match=2027157/?iv=true&amp;rss=2600134+Barcelona+-+Liverpool+0-0:+¬°m√°xima+emoci√≥n!,joy,D,1
645,Independientemente de la ideolog√≠a o las preferencias... #FuerzaVenezuela #VenezuelaLibre üôå lo que libre signifique para cada venezolano y que as√≠ sea. üáªüá™,joy,D,1
646,Mi madre sufre por el da√±o de la Catedral...y la transita de nuevo...y no puede creer semejante p√©rdida... Y yo vuelvo a sentir el placer de esos regalos que son eternos üòç! #NotreDame #lotraigocuantasvecesquiera,joy,D,1
647,No est√° todo perdido. A√∫n hay esperanza. #GretaThunberg üåç https://t.co/ZRVE5wtunb,joy,D,1
648,Messi es un aut√©ntico francotirador que gola o #ChampionsLeague,joy,D,1
649,"Vaya mezcla asquerosa. Que los cojan y no vean m√°s la luz. Ah, no. Que lo de la #Prisi√≥nPermanenteRevisable no la quieren los progres. #ElecccionesGenerales28A https://t.co/FuT4iLfFWR",disgust,D,1
650,Incendio en la catedral de Notre Dame: la historia arde en #Par√≠s üá´üá∑üòû Toda nuestra fuerza. #NotreDame #NotreDameCathedral https://t.co/GcUFFHj3v7,sadness,D,1
651,"Aqu√≠ mi foto a las afueras de la catedral de #NotreDame hace unos meses, los envidiosos dir√°n que estoy en Le√≥n Guanajuato. https://t.co/KyZDudIkqb",,D,2
652,Un saludo a todos aquellos que no sab√≠an que la Catedral de #NotreDame era un templo cristiano. Y que van a recontruir un templo cristiano.,,D,2
653,"Dice Bolton que lo de #Venezuela no fue un golpe de estado, tiene raz√≥n, fue otro intento fallido, #VenezuelaSeRespeta #ManosFueraDeVenezuela #SomosZonaDePaz https://t.co/0eQF2NB2Gt",,D,2
654,"#DiaDelLibro #rimaypoesia Los alumnos de 3¬∞ han realizado sus propios #marcap√°ginas con peque√±as rimas, sin perder de vista al protagonista #MiguelDeCervantes #rimasconhumor USER USER https://t.co/6XwWEX0RW8",,D,2
655,Hoy he le√≠do cosas tan bonitas en raz√≥n del #DiaDelLibro ojal√° as√≠ fuera Twitter todos los d√≠as. üíú,,D,2
656,#Messi le est√° dando el t√≠tulo de #LaLiga al #Barcelona con su gol n√∫mero 34 de la temporada tras abrir el marcador ante el #Levante (1-0).,,D,2
657,"Hoy se ha perdido en horas, lo que la humanidad conserv√≥ durante siglos... No solo #Par√≠s sufre... #NotreDame: me siento triste",,D,2
658,#GameofThrones #GameOfThrones #JuegodeTronos Apret√© los pu√±os y aguant√© la respiraci√≥n por 80 minutos! Que combate y final de episodio!,,D,2
659,"Para que lo de Venezuela se considere golpe de estado, tienen que poner urnas? O c√≥mo va esto? #Venezuela",,D,2
660,"USER USER USER No es extra√±o que los medios hagan eso, nos regimos seg√∫n la cultura occidental, nuestra sociedad est√° cimentada as√≠, hace 2000 a√±os es as√≠. Obvio que nos duele m√°s la p√©rdida de #notredame que la de la mezquita. Lo que no quita que esta √∫ltima no signifique tambi√©n una p√©rdida.",,D,2
661,Pedro S√°nchez ha usado el guantelete del infinito y ha equilibrado el mapa electoral. #ElecccionesGenerales28A,,D,2
662,"No me gust√≥ como le quitaron protagonismo a los lobos por los dragones, que a la final ni sirvieron #GameofThrones #GoT #JuegoDeTronos",,D,2
663,Despu√©s de los resultados de #EleccionesGenerales y ver el √∫ltimo cap√≠tulo #GoTS8 Cuando te levantes el lunes ¬øQui√©nes van a sufrir m√°s bajas? #28Abril #VivePoniente #JuegoDeTronos,,D,2
664,La √∫ltima visita de un Papa a #NotreDame https://t.co/3O7uL8RcWm,,D,2
665,Feliz #DiaDelLibro En este momento me encuentro sumido en esta fruct√≠fera lectura de Historia Pol√≠tica Cu√°l es la tuya? https://t.co/sA82MusGAx,,D,2
666,¬°¬°El Socialismo los est√° matando!! #FueraMaduro #VenezuelaLibre,,D,2
667,Vamos #Venezuela Dios est√° con ustedes. Tienen todo nuestro apoyo hermanos,,D,2
668,"El libro que transforma #D√≠aDelLibro #Libros #AunsoloDiosadoramos en Buenos Aires, Argentina https://t.co/7gcgyYG9SY",,D,2
669,"USER Se√±ores no pasa nada por decirlo. No es un grupo de fans,es un colectivo oculto: funcionarios de prisiones que han salido del ocurantismo sometido por sus dirigentes. DIGNIDAD!! #TuAbandonoMePuedeMatar #sosprisiones #ElDebateDecisivo #funcionariosdeprisiones #DiaDelLibro",,D,2
670,Los memes saludaron al campe√≥n Barcelona y se acordaron de un equipo blanco. ü§£ #LaLiga https://t.co/MmMJsJA0B9 https://t.co/ddrRDtwEdP,,D,2
671,"Impresionante, tienen listos los robles para reemplazar estructura da√±ada y hasta un sacerdote bombero hab√≠a, gracias a un protocolo de seguridad que implementaron hace d√©cadas . Wow! #NotreDame",,D,2
672,Lo mejor de volver a los colegios es que te das cuenta c√≥mo ha cambiado todo üòÇ #28A #ElecccionesGenerales28A https://t.co/WVhrrkmp8o,,D,2
673,"Esas vueltas que se acaba de dar Messi tras la falta cometida, me hizo recordar a Neymar. üôÑ #ChampionsLeague",,D,2
674,Como puede estar casado sonriendo??????? Me lo explic√°is?????????? Ufffff ya me joderia. #ElecccionesGenerales28A es odioso este t√≠o.,,D,2
675,Qu√© mal lo paso con las batallas joder... Temblando estoy #JuegoDeTronos #Got8x03,,D,2
676,De lo √∫nico que me alegro es de que mi voto a servido para algo y que Vü§ÆX se ha dado el batacazo de la jornada. #ElecccionesGenerales28A,,D,2
677,Acabo de ver el √∫ltimo cap√≠tulo de #JuegoDeTronos y solo quiero deciros que empieza por el principio y termina por el final.,,D,2
678,Caf√© y F√∫tbol: #TottenhamHotspur vs #Ajax #ChampionsLeague Leg 1 https://t.co/HJkfdLfNjE,,D,2
679,Duro el episodio Arya lo hizo #juegodetronos #GameOfThornes,,D,2
680,#NotreDame una peque√±a historia en imagenes https://t.co/ZkAnquiBEx,,D,2
681,"USER , titular con el USER para enfrentar a Valladolid por #LaLiga. https://t.co/ZUisVJFCSS",,D,2
682,EN DIRECTO #LaLiga | ¬°Todo listo en el Camp Nou para que arranque el‚Ä¶ https://t.co/1DLPAhGMwK Ver: https://t.co/rCTe9N4DGE,,D,2
683,"¬°Feliz #DiaDelLibro, hijos de la gran puta! üòÇ https://t.co/0DBasxQkzc",,D,2
684,"Quien ve en las llamas de #NotreDame un pretexto para ofender una religi√≥n o una naci√≥n, no ha entendido nada de la humanidad y su grandeza.",,D,2
685,¬øEn serio ese gol de #Messi ? #ChampionsLeague ‚öΩ,,D,2
686,"FLIPANTE, la mejor serie de todos los tiempos #Got #Nightking #JuegoDeTronos #VivePoniente #WinterIsHere",,D,2
687,"No ha habido da√±os personales... no hago m√°s que leer esto. Solo un necio puede contemplar esta foto de Notre Dame en llamas y decir que no hay da√±os personales. PUES CLARO QUE HAY DA√ëOS PERSONALES!! Cuantiosos y terribles da√±os personales. Hoy, todo el mundo llora. üò¢ #NotreDame https://t.co/CvsiXluzhk",,D,2
688,"Es triste ver como se pierde arquitectura √∫nica y bastante antigua, mando todo mi apoyo a los parisinos que sufren esta tragedia y poder evitar otra como esta, #NotreDame https://t.co/SsIwW6vzgY",,D,2
689,Ojala el final de Maduro sea igual al final de Khadafi... #Venezuela,,D,2
690,Aprovecha esta temporada de vacaciones para asistir a la 1a. Feria Internacional del Libro que se llevar√° acabo en la C√°mara de Diputados. Seguro encontrar√°s lecturas interesantes para ti y tu familia. #DiaDelLibro #FILC√°mara https://t.co/MjnTvsbcMf,,D,2
691,Feliz #DiaDelLibro ¬øQu√© mejor manera de celebrarlo que con un 40% de DESCUENTO en todas nuestras ediciones DigiBok? Tienda Online: https://t.co/eFhpvXkU9T https://t.co/pQEA7mGNs8,,D,2
692,3 autores latinoamericanos para celebrar el #D√≠adelLibro https://t.co/K5euJ05Yci,,D,2
693,Pues esto es lo que vamos a tener... #ElecccionesGenerales28A #28A #EleccionesL6 https://t.co/SLXO72F6UX,,D,2
694,No me gustar√≠a que el Perro la salvase una vez m√°s. #JuegoDeTronos #GameOfThrones #VivePoniente #Got8x03,,D,2
695,Leer es un placer indescriptible. #LeerEst√°Ching√≥n #D√≠adelLibro USER https://t.co/7p7rvNZXWe,,D,2
696,‚ö†Ô∏è #ATENCI√ìN #Internacional Miles de venezolanos acudieron al Palacio de Miraflores y sus alrededores. El #Chavismo se moviliz√≥ una vez m√°s contra el fallido golpe de Estado. #ATnoticias #Venezuela #VenezuelaSeRespeta #30Abr #PuebloEnMirafloresConMaduro #CorreoOrinocoImpacto https://t.co/7rpSG80opZ,,D,2
697,Viendo el capitulo 3 de #JuegoDeTronos y solo puedo decir una cosa: Tengo miedo ... #VivePoniente https://t.co/G1Bc3V3W4m,,D,2
698,No todas las batallas son para avanzar. Algunas batallas simplemente son para no retroceder. Esto solo es el comienzo. #ElecccionesGenerales28A,,D,2
699,"#Efem√©rideDeHoy El #D√≠adelLibro fue instaurado por la #UNESCO en el a√±o de 1995, para rendir un homenaje universal a libros y autores, que nos motivan a descubrir el placer de la lectura y el valor de sus contribuciones, que impulsan el progreso social y cultural en el mundo. https://t.co/WXf1klu3yE",,D,2
700,#GretaThunberg : propuesta para el #NobelPeacePrize de la Paz Se lo merece?,,D,2
701,"como es el #DiaDelLibro creo apropiado comentar un par de cosas porque, me gustan esas cuestiones(?)",,D,3
702,"#eleccionesl6 #28A #ElecccionesGenerales28A #EleccionesGenerales2019 Bueno veremos cuando empiece el recuento,auguro un buen resultado para USER USER al final",,D,3
703,#DiaDelLibro #BBMAsTopSocial BTS USER que mejor que ayudar a las votaciones y hacer menci√≥n de uno de los d√≠as que m√°s me gusta del a√±o! https://t.co/l0KuUa67D1,,D,3
704,El mejor placer de la vida! Incluso mejor que ver series de Netflix. Leer. üìö Feliz D√≠a #DiaDelLibro,,D,3
705,No hay tarado sin lacito. Con votantes as√≠ es imposible combatir al nazi Quim Torr√° o el subnormal de Rufi√°n. Pregunta de verdad: Estos anormales en qu√© co√±o trabajan? #NotreDame https://t.co/YWSPcnpRLi,,D,3
706,"Pues en el #DiaDelLibro me estoy refinando este. ¬øUstedes, cu√°l? #D√≠aInternacionalDelLibro https://t.co/oRVI6ijIoO",,D,3
707,#RFEF ‚öΩ #LaLiga | El orden del d√≠a de la asamblea de la RFEF https://t.co/pOETaZwqjg https://t.co/h138AVuq2O,,D,3
708,‚ùóÔ∏è‚ùóÔ∏è‚ùóÔ∏èOJO!! TODO TWiTTER ES UN SPOILER! ‚ùóÔ∏è‚ùóÔ∏è‚ùóÔ∏è #juegodetronos #GameofThones,,D,3
709,"Llora #francia, Llora el mundo entero. Siglos de historia ardiendo en cuesti√≥n de horas. Un viaje de estudios que ahora invade de nuevo mi memoria. #notredame #paris #france #fire #patrimoniodelahumanidad https://t.co/l6W3qR26SN",,D,3
710,"Felicitaciones por San Jorge y el #DiaDelLibro de √∫ltima hora. El mejor que he le√≠do en lo que va de a√±o es, curiosamente, un halago a la lectura: ""Como una novela"", de Daniel Pennac. https://t.co/f4tzdWVnXG",,D,3
711,-¬øConfirmamos que ha sido uno de los mejores episodios que he visto? -Confirmamos #GOT #JuegodeTronos #GameofThrones,,D,3
712,#juegodetronos #WinterIsHere #winterfell #WinterIsComing #GameOfThrones Mi grito con lo que hizo Melissandre se oy√≥ en la China. ¬°Que emoci√≥n!,,D,3
713,Esto no va a terminar bien. Salva a Venezuela! ‚ù§Ô∏èüá®üá¥ #Venezuela #VenezuelaLibre https://t.co/8NLYroBNrH,,D,3
714,"Y, a colaci√≥n del #D√≠aDelLibro, en nuestra pesta√±a de ""recomendaciones"" os proponemos algunos üòõ Agracedemos que nos recomend√©is vosotros tambi√©n algunos que merezcan la pena, para a√±adirlos. Si os quer√©is extender, mucho mejor que sea ah√≠ en la pesta√±a: https://t.co/dqeRe2FP3c",,D,3
715,Quien diga que se esperaba el final de este cap√≠tulo de #JuegodeTronos miente. Y punto. #GameofThrones #GOT #8x03 ‚ùÑÔ∏è,,D,3
716,"Tengo m√°s sue√±o que una mierda, pero ahora viene JUEGO DE TRONOS üòç #JuegoDeTronos #GOT",,D,3
717,ENCUESTA: ¬øEst√° cumpliendo tus expectativas la √∫ltima temporada de #JuegodeTronos ? https://t.co/NwqaHdwYtU,,D,3
718,üîú #Bar√ßaLevante ¬øSeremos esta noche campeones de #LaLiga? üí™ üîµüî¥ #FemBar√ßaFemPenya #For√ßaBar√ßa https://t.co/yCxfASBKxz,,D,3
719,"Hoy es #DiaInternacionalDelLibro, una conmemoraci√≥n celebrada a nivel mundial promovida por la USER con el objetivo de fomentar la lectura, la industria editorial y la protecci√≥n del derecho de autor. #DiaDelLibro https://t.co/S4zW1e9AUm",,D,3
720,As√≠ se defiende una bandera y no como lo hace la extrema derecha! Que grandes! Soy feliz! #GraciasEspa√±a #Elecciones2019 #ElecccionesGenerales28A,,D,3
721,Esperando con ansias que ruede el bal√≥n y ver al mejor equipo del mundo USER deslumbrarnos con su juego. #ChampionsLeague #VamosBar√ßa https://t.co/uIqSOlfGkk,,D,3
722,#Campe√≥n #LaLiga #ViscaBar√ßa #For√ßaBar√ßa 8 de los √∫ltimos 11 a√±os Enorme satisfacci√≥n! !!!!! Vamos !!!!! https://t.co/Nxxy8GweNj,,D,3
723,"Mira, si hoy no se lia, para mi pasa de la mejor serie de la historia a la mayor decepcion de la historia. #JuegodeTronos",,D,3
724,¬°Abajo el intento de golpe en #Venezuela! https://t.co/EaWnYeXNBh,,D,3
725,"USER Para Guaid√≥ es muy f√°cil decir, alc√©monos en armas, enardece al pueblo y cuando empieza la batalla se va con su equipo a esperar que el pueblo venezolano haga lo que hubieran podido hacer desde hace mucho sin necesidad de un supuesto l√≠der, #fuerzapueblovenezolano #Venezuela",,D,3
726,"USER No era ins√≥lito, m√°s bien relajante ü§ìüèñÔ∏è #LeerEst√°Ching√≥n #D√≠aDelLibro #TokioBlues https://t.co/q2ci6v8PmC",,D,3
727,Fotos exclusivas (pero pendientes de comprobaci√≥n de su veracidad) del interior de Notre Dame durante el incendio. #notredame https://t.co/k1nsPz2zcx,,D,3
728,"En el d√≠a internacional del libro. Voy a comerme todas las letras, todas las palabras y las p√°ginas escritas que nunca leer√©. #yoentoncesyo #poes√≠arandom #DiaDelLibro",,D,3
729,"Esta es de la Espa√±a que hay que estar orgulloso, la que se levanta a votar para parar a la ultraderecha, no la que saca la bandera para hacer da√±o #ElecccionesGenerales28A #Elecciones2019",,D,3
730,#campeones #Barcelona #Bar√ßaLevante #Barca USER USER eres el mejor de la historia USER Vamos por m√°s #LaLiga https://t.co/MZwwBnVQb8,,D,3
731,"Se nos ha pasado el susto y empezamos con las risas, pero lo que viene no es ninguna broma. La cuadratura del c√≠rculo o el cintur√≥n sanitario de Schr√∂dinger. #ElecccionesGenerales28A #Elecciones28A #pactometro #28A",,D,3
732,Ha terminado la #ChampionsLeague pero no las emociones. Te esperamos en nuestra casa para vivir el Monterrey vs Tigres ‚öΩÔ∏è https://t.co/kBLvvbbPdD,,D,3
733,Este #30Abr se han registrado manifestaciones ciudadanas para exigir el retorno de la democracia en los 23 estados de #Venezuela y el Distrito Capital.,,D,3
734,Hay personajes que llevo demasiados minutos sin ver KESTAPASANDO #JuegodeTronos,,D,3
735,"#GameofThrones #JuegoDeTronos #ForTheThrone Voy a volver a ver los √∫ltimos 10 minutos, porque estaba en shock y no me he enterado. üòï",,D,3
736,Y as√≠ sigo... El puto mejor cap√≠tulo de la historia #JuegoDeTronos #GOT #ma√±anaTodosSomosCaminantes üòÖ https://t.co/5o2VZCUgkR,,D,3
737,"#QueNoSeTePase ¬°Lamentable! üò• Las llamas no solamente devoraron la madera de #NotreDame, sino tambi√©n m√°s de ocho siglos de historia francesa y europea üëâ https://t.co/dgYPtqFk45 https://t.co/hTyon6Zhmg",,D,3
738,"Catedral de #NotreDame, s√≠mbolo g√≥tico de Par√≠s üá´üá∑üïç https://t.co/Xr2yv0g9DR https://t.co/vZt2XPFqV4",,D,3
739,#DiaDelLibro Los 5 mejores libros de Isaac Asimov https://t.co/cifraum3j2,,D,3
740,#LaLiga As√≠ levant√≥ Messi el trofeo de campe√≥n para el Barcelona. https://t.co/xLwJ607amk,,D,3
741,"USER Con respeto , estan puro web... lo que ustedes deben hacer es apoyar.una intervenci√≥n militar yanqui en #Venezuela",,D,3
742,"Si no puedes evitar usar ""golpe de estado"" para describir lo de hoy, lo siento, pero no quiero hablar contigo del asunto. Hoy no es el d√≠a para entender ignorancias y diferenciarlas de malas intenciones. #Venezuela",,D,3
743,En shock por ver que en pleno siglo XXI siga habiendo tanto extremismo. Me parece indignante.. #ElecccionesGenerales28A,,D,3
744,Leer expande la mente y nos lleva a recorrer mundos maravillosos. ¬øCu√°l es su libro favorito? Celebremos el D√≠a Internacional del Libro y cultivemos nuestra imaginaci√≥n. #D√≠adelLibro https://t.co/KpqYQ7guZM,,D,3
745,Aut√©ntica fiesta de la democracia #28A #ElecccionesGenerales28A,,D,3
746,Que Pena enorme #NotreDame.. USER un beso grande.. cu√°nto me acord√© de vos..!,,D,3
747,"Una y otra vez,una y otra vez...as√≠ lo podri√°s ver un mill√≥n de veces y nunca te cansarias de disfrutarlo! . L√≠o,eres #elputoamo !! . USER #UCL #ChampionsLeague https://t.co/rUxIrCjUtF",,D,3
748,IMPOTENCIA. Esa jodida palabra es la que mejor describe lo que siento. #NotreDame #ArdeNotreDame,,D,3
749,#Venezuela | Se enfrentan opositores y militares pro-Maduro https://t.co/GPingnXTfe,,D,3
750,"#ElecccionesGenerales28A madre m√≠a, el pa√≠s parece ser que se va a la mierda...",,D,3
751,"Cambiando de tema, c√≥mo me jode que utilic√©is una imagen de El Se√±or de los Anillos pa vuestras mierdas, siendo de mis pelis favs, co√±o. #ElecccionesGenerales28A #EleccionesL6 https://t.co/DJOi5r41Kz",,D,4
752,Ahora es #OperacionLiberdad #Venezuela #JuntosPodemos Un pueblo unido jam√°s ser√° vencido. #Venezuelan USER USER https://t.co/C1COgnZK2V,,D,4
753,Los militares siguen pidiendo asilo a pa√≠ses vecinos. #30Abr #Venezuela https://t.co/6lhrzc6Pyx,,D,4
754,"Mi solidaridad con los parisinos, con la alcaldesa de Par√≠s USER y con toda Francia por el incendio de la emblem√°tica catedral de¬† #NotreDame, patrimonio arquitect√≥nico, cultural y religioso de la humanidad.¬†una pena https://t.co/DzIQZCA5SR",,D,4
755,"Porque no envi√≥ a su ejercito a destrozar todo y en el proceso el cebo muera, No, tiene que ir el mismo en persona exponi√©ndose a lo que cualquiera con dos neuronas sabr√≠a es una trampa. #juegodetronos",,D,4
756,"USER USER USER as√≠ es, sin embargo #Assange ha sido cruelmente juzgado y condenado por los potentados del Reino Unido, Suiza, EEUU.... #AssangeEnPeligro #NotreDame",,D,4
757,Arrinconado el #Bar√ßa por un ordenado #Liverpool que domina EL ST... #ChampionsLeague,,D,4
758,#Generaci√≥nGreta: seis adolescentes en lucha contra el statu quo https://t.co/1cwkkSkx09 #EmmaGonz√°lez #WillConnolly #AnunaDeWeber #JazzJennings #AhedTamimi #AhedTamimi #GretaThunberg,,D,4
759,Esperando impacientemente las primeras declaraciones De AZNAR ! La Mano que mece la Cuna de la Derecha ! #ElecccionesGenerales28A,,D,4
760,"Quiero que entr√©is en p√°nico, porque la casa est√° en llamas, afirm√≥ #GretaThunberg https://t.co/NjxKGbseuY",,D,4
761,"Primeros datos de escrutinio confirmar√≠an los sondeos. Victoria clara de #PSOE, hundimiento del #PP y sin sorpasso alguno de #Vox, sin mayor√≠a de gobierno ni en izquierda ni en derecha. Escrutado solo 4%, noche todav√≠a larga #ElecccionesGenerales28A #Elecciones28A #CanalSur28A https://t.co/vyCrHmp6e0",,D,4
762,"#FridaysForFuture USER tiene a√∫n carita de beb√©, pero ya es toda una #influencer a nivel mundial. Su lucha por el #CambioClim√°tico ha provocado que incluso se publique un libro con sus discursos m√°s emotivos. #RDCL #ClimateStrike #GretaThunberg https://t.co/WoRqekSMis https://t.co/mojLPKCrGl",,D,4
763,"A√∫n no se puede dar por eliminado al #Tottenham, de todas las derrotas posibles en su campo, el 0-1 es la mejor de todas, ahora solo tienen que salir a ganar en #Ajax y con eso se inscribir√≠an en la Final de la #ChampionsLeague, aunque veo muy favorito al #Ajax.",,D,4
764,Espero que todos ya est√©n listos para gritar los goles del Bar√ßa!! porque hay que creer y confiar que ma√±ana ellos van a ganarü§óü§ó ‚ô•Ô∏èüí™‚öΩ‚öΩ#ChampionsLeague #Bar√ßa,,D,4
765,"Cuando hay quilombo en #Venezuela, que hablen los kirchneristas y listo. #NoVuelvenMas",,D,4
766,Algunas im√°genes que nos dej√≥ la jornada de hoy en #Caracas #venezuela #30A #Crisis #photography #photojournalism #clashes https://t.co/ErS14OFf4n,,D,4
767,No pudo haber mejor combinaci√≥n descanso y d√≠a de Champions üòéüòéüòãü§© #ChampionsLeague #D√≠aDelTrabajo,,D,4
768,Menos mal que a√∫n no nos hemos vuelto locos del todo.... ahora USER y USER hacer por una vez caso al pueblo y dejar de lado a los de la derecha. No te unas a ninguno de ellos. El pueblo no los quiere #28A #ElecccionesGenerales28A,,D,4
769,"Ayer mucho llor√©. Unos me dir√°n ""loca, llorar por un edificio antiguo"" y otros, ""normal, llorar por un edificio antiguo"". #NotreDame",,D,4
770,La Gran Guerra de #JuegoDeTronos nos ha dejado muchos momentos para el recuerdo y unas cuantas dudas https://t.co/UE7lCgLSez https://t.co/OO3tjUR34c,,D,4
771,La #CIDH se reune de urgencia para analizar situaci√≥n de #Venezuela v√≠a EFE,,D,4
772,"CULTURA ‚û°Ô∏è #SanJuan USER pone la tinta descubridora al #DiaDelLibro El catedr√°tico de Historia Moderna de la USER el sanjuanero David Gonz√°lez Cruz, presenta las dos √∫ltimas investigaciones https://t.co/IkgvaYl8J3",,D,4
773,"Muy de acuerdo con Usted, Laura. #NotreDame https://t.co/LWXbivmoXX",,D,4
774,Qu√© gol tan USER el de Messi. #ChampionsLeague,,D,4
775,Me preocupa que la suma PSOE Ciudadanos da mayor√≠a absoluta... #28A #ElecccionesGenerales28A,,D,4
776,Fracaso total el nuevo intento de golpe de Estado en #Venezuela. .. otra derrota m√°s para Goliat,,D,4
777,"Se√±or de luz, ven a nosotros en nuestra oscuridad. Te ofrecemos estos falsos dioses, t√≥malos e ilum√≠nanos con tu luz. Pues la noche es oscura y alberga horrores. #VivePoniente #GameofThones #JuegodeTronos https://t.co/9Xh8vD1HyO",,D,4
778,#LaLiga | 56' Tarjeta amarilla para Rub√©n Rochina de Levante USER 0-0 USER #ENVIVO ‚öΩ https://t.co/AGiaY4aFbm https://t.co/XrvJ6wjyMe,,D,4
779,"Pobrecita... De coraz√≥n, no hay que desearle el mal a nadie... pero no puedo evitar desearle a #Putin con toda el alma que sufra en carne propia el enorme da√±o que le caus√≥ a #Siria y a #Venezuela. #Putin #Asesino #Maldito rufian hijo de puta. https://t.co/0oidFSDj9k",,D,4
780,Viaja a trav√©s del tiempo y descubre la historia del Ferrocarril m√°s dif√≠cil del Mundo forjado con las manos de hombres y mujeres asombrosas y llena tu conocimiento con la lectura. Feliz #D√≠aDelLibro #EmpresasP√∫blicas USER https://t.co/7mqtvKJNfr,,D,4
781,"No soy una persona religiosa, pero lo de Notre Dame va m√°s all√°. Es una pena y una gran p√©rdida a nivel cultural, hist√≥rico y arquitect√≥nico. No obstante, no he podido resistirme a hacer este meme... #JuegoDeTronos #GameofThrones #NotreDame https://t.co/oeKB7ifA7E",,D,4
782,Y en Espa√±a gana la izquierda. üá™üá∏ #PSOE #ElecccionesGenerales28A,,D,4
783,"¬°Venga, Va! En este d√≠a tan especial queremos escuchar vuestra opini√≥n üëÄ ¬øCu√°l es tu pel√≠cula, basada en un libro favorita? ¬øConoc√©is alguna pel√≠cula sobre libros, librer√≠as o escritores que os haya transmitido su pasi√≥n por la lectura? ü§î #DiaDelLibro https://t.co/eGbzwASz6P",,D,4
784,El grito de los j√≥venes contra el cambio clim√°tico se convierte en global #GretaThunberg #CambioClim√°tico USER USER #Clima #CalentamientoGlobal USER #FridaysForFuture USER https://t.co/bfM3YRmPyI v√≠a USER,,D,4
785,Pasaremos a la historia como la generaci√≥n que perdi√≥ el Museo de Historia natural de Brasil y la Catedral de #NotreDame. Ahora si somos pobres de verdad...,,D,4
786,"¬øQui√©n es el amo del f√∫tbol? Meeesssi, Meeeessi #Messi #BARLIV #ChampionsLeague https://t.co/BtKx6Tg15y",,D,4
787,Estos dos d√≠as me he dado cuenta que soy el √∫nico pobre que no conoci√≥ la Catedral de #NotreDame,,D,4
788,#ElecccionesGenerales28A Abascal-a que pasa reina las √°guilas no te dieron alas??? https://t.co/7MWc9vH0An,,D,4
789,#EleccionesL6 #ElecccionesGenerales28A #Elecciones2019 pues parece que se ha quedado al final buena noche. https://t.co/4HpvI7k1GW,,D,4
790,Conoces esta boca tan hermosa? #ElChiringuitoDeMega #LaLiga #realmadrid https://t.co/WUDsI2zI59,,D,4
791,A los #EEUU sin victoria garantizada. Mientras en #Venezuela existe un pueblo que resiste y lucha contra el imperialismo y contra sus aliados internos y externos. C√≥mo revolucionarios debemos plantearnos avanzar realmente en la ruta de la #Comuna y del #Socialismo con control del,,D,4
792,"Santi, cari√±o.... Espa√±a es de los espa√±oles no tuya.... reflexiona.... #28A #ElecccionesGenerales28A",,D,4
793,"#23Abril üìôEl mundo celebra el #DiaDelLibro en reconocimiento a quienes escriben, editan, corrigen, ilustran, dise√±an, y sobre todo, a quienes aman la lectura.üëè ""Para viajar lejos, no hay mejor nave que un libro"".",,D,4
794,1.-El okupa ya puede entrar en vuestra casa. 2.-El etarra ya puede pasear tranquilo. 3.-El ladr√≥n la puede seguir robando. 4.-El violador ya sabe que saldr√° de la c√°rcel. 5.-El presidente ya puede romper el pa√≠s. #ElecccionesGenerales28A,,D,4
795,"¬øEscuchaste a los #NNA el pasado #15deMarzo? . Continuando con el camino iniciado por #GretaThunberg; ‚Äúsi el clima fuese un banco, ya lo habr√≠an salvado‚Äù. üîî Leer art√≠culo: https://t.co/xcbb7nTp2o USER üôãüèª‚Äç‚ôÄÔ∏èüôãüèº‚Äç‚ôÇÔ∏è #ESC√öCHAME queremos un entorno sostenible para vivirüíß‚ôªÔ∏è",,D,4
796,Las ligas las gana siempre el mejor el m√°s regular #LeoMessi 10 üèÜ #LaLiga #FCB #8de11 #Bar√ßaLevante #HablemosDef√∫tbol #FifaRiders ‚öΩüéôÔ∏è https://t.co/tFxqw9Nl5N,,D,4
797,"Llega el D√≠a del Libro y queremos celebrarlo con un buen libro de suspense. Espa√±a es el escenario donde Dan Brown sit√∫a su nueva novela, 'Origen': https://t.co/jdLOWKP4Ld ¬øAd√≥nde vamos? ¬øDe d√≥nde venimos? La verdad nunca ha estado tan cerca. #Thriller #SantJordi #DiaDelLibro https://t.co/W4mDKLeoy3",,D,4
798,"... pero para hacerlo, tenemos que hablar claro, no importa cuan inc√≥modo sea... #GretaThunberg https://t.co/GVzSYWuRhr",,D,4
799,Merece un gol el Liverpool a llegado mucho m√°s que Barcelona #ChampionsLeague,,D,4
800,Me encanta ver a los fachas rabiar! ü§≠ü§≠ #ElecccionesGenerales28A,,D,4
